player_label,games,minutes_guarded,minutes_on_ball,minutes_off_ball,chase_cost_ft_per_min,chase_cost_decels_per_min,gravity_ft,chase_cost_on_ball_ft_per_min,chase_cost_on_ball_decels_per_min,chase_cost_off_ball_ft_per_min,chase_cost_off_ball_decels_per_min,role
Player 01,1,7.048,1.349,5.699,1.377,0.172,-0.872,-16.137,0.077,2.194,0.215,guard
Player 02,1,8.781,0.757,8.023,-25.342,-0.478,0.048,-93.295,-4.466,-15.226,0.04,big
Player 03,2,16.367,3.097,13.27,-7.536,0.045,-0.003,57.032,0.284,-21.491,-0.027,guard
Player 04,1,9.441,4.321,5.12,44.468,1.311,-1.563,12.8,0.363,34.726,1.201,guard
Player 05,1,9.201,2.687,6.514,11.371,0.641,-0.337,14.833,1.12,7.911,0.354,guard
Player 06,1,5.535,0.625,4.91,-16.734,-0.309,0.061,1.299,-0.476,-16.466,-0.209,wing
Player 07,1,5.106,0.106,5.0,3.176,0.071,0.71,-83.083,-1.039,9.422,0.173,big
Player 08,1,6.445,0.177,6.267,-3.564,-0.439,0.586,116.599,8.039,-5.322,-0.247,wing
Player 09,1,5.625,0.841,4.785,20.431,0.752,0.341,41.88,0.476,19.943,0.921,wing
Player 10,1,8.861,0.608,8.253,-3.55,-0.341,-1.574,35.861,-2.502,-3.872,0.116,wing
Player 11,1,7.081,1.011,6.07,1.385,-0.154,0.485,-50.292,-2.395,7.158,0.094,big
Player 12,1,5.627,0.195,5.433,-6.087,-0.024,0.014,10.401,4.879,3.186,0.201,wing
Player 13,1,10.891,0.827,10.064,-8.226,-0.078,0.6,-32.562,0.773,-2.497,0.109,big
Player 14,1,7.3,2.379,4.921,30.483,0.159,1.432,-15.076,-0.638,40.495,-0.028,guard
Player 15,1,8.078,0.397,7.681,-14.802,-0.252,0.345,16.758,2.695,-11.038,-0.199,wing
Player 16,1,7.737,1.66,6.077,16.526,0.323,-1.053,-4.857,1.663,23.232,-0.142,guard
Player 17,1,10.949,1.779,9.17,2.052,0.047,1.895,67.977,1.851,-1.886,0.076,wing
Player 18,1,6.761,0.521,6.241,-26.538,-0.136,0.877,-116.504,-1.378,-17.084,0.02,big
Player 19,1,6.212,0.523,5.689,6.662,0.368,-1.265,19.288,-2.335,7.829,0.71,wing
Player 20,1,6.027,1.951,4.075,12.332,0.317,0.087,-10.88,1.191,13.146,-0.489,guard
Player 21,1,6.387,0.727,5.66,2.199,-0.251,-1.261,52.756,-1.325,-2.157,-0.06,wing
Player 22,1,8.161,1.795,6.366,-2.589,0.519,-1.651,9.003,-1.728,-6.656,0.932,wing
Player 23,1,6.381,1.212,5.169,3.376,0.78,1.037,5.903,3.423,3.928,0.254,wing
Player 24,1,6.684,1.488,5.196,-0.102,-0.22,-0.332,-48.608,-2.545,5.656,-0.024,guard
Player 25,1,5.473,1.179,4.295,-6.006,-0.084,0.478,44.625,-0.865,-17.872,0.187,guard
Player 26,1,8.429,1.175,7.253,-2.099,0.102,0.547,-28.63,0.326,-1.004,-0.11,big
Player 27,1,5.902,0.185,5.717,-5.819,-0.125,-1.113,56.5,9.921,2.916,-0.12,wing
Player 28,1,8.138,0.843,7.295,-6.071,-0.308,0.024,-39.558,-1.722,-1.798,-0.064,big
Player 29,1,8.64,3.523,5.117,32.266,0.466,-2.026,-13.411,-1.299,36.881,0.865,guard
Player 30,1,5.731,0.721,5.01,-26.4,-0.133,1.487,-20.455,3.396,-12.327,-0.095,big
Player 31,2,14.697,2.507,12.19,0.319,0.453,0.739,5.251,0.096,-0.225,0.522,wing
Player 32,1,6.193,0.415,5.778,-68.08,-0.85,-0.109,-79.161,0.324,-53.711,-0.525,wing
Player 33,1,6.011,1.113,4.899,18.375,-0.015,-0.07,13.739,-0.576,16.673,0.031,guard
Player 34,1,8.724,2.815,5.909,9.058,0.641,1.638,-20.842,0.186,1.324,0.233,guard
Player 35,1,9.249,1.578,7.671,-18.4,0.061,-0.155,-36.267,-1.243,-17.857,0.039,wing
Player 36,1,5.739,0.767,4.972,-21.924,-0.309,-0.688,-16.04,-1.343,-18.297,0.089,wing
Player 37,1,8.127,0.608,7.519,2.385,0.451,0.703,-119.671,0.64,14.373,0.569,big
Player 38,2,15.673,5.185,10.487,18.964,0.184,-0.389,11.275,-0.284,13.862,0.118,guard
Player 39,2,14.967,3.301,11.665,32.918,0.588,0.198,7.888,0.273,35.873,0.56,guard
Player 40,1,5.529,0.695,4.835,3.969,-0.326,-0.085,-60.258,-0.938,13.23,-0.203,big
Player 41,1,9.017,1.611,7.406,-10.059,-0.292,2.28,25.371,0.726,-5.812,0.005,guard
Player 42,1,8.452,3.631,4.821,44.568,0.729,0.694,32.569,-0.791,16.921,0.513,guard
Player 43,1,7.607,2.171,5.435,-0.534,-0.448,-1.233,-22.686,-0.442,3.379,-0.718,guard
Player 44,1,7.039,2.052,4.987,18.738,0.516,0.252,0.22,0.637,19.885,0.181,guard
Player 45,1,6.902,1.554,5.348,7.752,-0.501,-0.043,-33.316,-2.56,14.727,-0.038,guard
Player 46,1,9.095,1.246,7.849,13.48,0.106,0.579,-6.895,2.156,19.507,-0.107,wing
Player 47,1,5.451,0.803,4.648,-5.738,0.737,0.241,-25.821,1.493,-2.67,0.616,big
Player 48,2,17.523,2.257,15.266,5.468,-0.032,-0.259,-9.14,0.397,5.666,-0.124,big
Player 49,1,6.675,0.496,6.179,2.124,0.041,-1.446,54.068,5.629,2.45,-0.224,big
Player 50,1,8.447,2.036,6.411,-1.83,0.015,0.676,-24.347,-1.132,-2.798,0.016,guard
Player 51,2,15.571,2.032,13.539,0.784,-0.015,0.128,38.484,2.626,-2.219,-0.252,wing
Player 52,1,7.671,1.32,6.351,10.901,-0.491,0.55,69.528,0.846,6.249,-0.583,guard
Player 53,1,6.36,1.58,4.78,4.427,-0.021,0.323,-13.221,-0.956,5.487,0.118,guard
Player 54,1,7.402,0.402,7.0,-17.213,-0.073,-0.834,44.795,0.844,-12.922,0.104,wing
Player 55,1,5.434,0.355,5.079,-12.973,-0.702,-0.682,24.087,-1.532,-4.66,-0.367,wing
Player 56,1,6.127,0.385,5.742,-5.527,-0.149,-0.157,-81.407,-2.093,2.762,0.028,big
Player 57,1,8.173,0.566,7.607,-7.976,0.251,0.796,27.164,-0.783,-6.05,0.454,big
Player 58,1,7.212,1.725,5.487,3.038,0.105,0.438,24.243,0.87,-8.646,-0.365,guard
Player 59,2,12.88,6.909,5.971,13.789,0.296,-0.544,-7.087,-0.443,-2.75,-0.006,guard
Player 60,2,12.839,0.652,12.187,10.611,-0.063,-0.06,75.117,5.442,13.058,-0.198,wing
Player 61,1,6.745,0.806,5.939,-30.169,-0.784,0.063,72.201,0.518,-35.012,-0.732,wing
Player 62,1,9.271,0.757,8.515,-8.95,-0.185,0.322,-78.86,-2.189,-1.749,0.026,big
Player 63,1,5.504,0.113,5.391,-13.165,-1.112,-0.555,-116.087,-0.021,3.345,-0.467,wing
Player 64,1,9.275,0.615,8.659,-12.211,-0.316,0.235,-32.138,0.454,-5.534,-0.169,wing
Player 65,1,8.525,2.687,5.838,21.273,0.402,1.284,9.815,-1.007,-0.593,0.036,guard
Player 66,1,8.692,1.301,7.391,-3.75,-0.182,-1.397,-30.239,-1.494,2.635,0.085,big
Player 67,1,6.192,0.776,5.416,-2.877,-0.389,0.09,21.181,2.163,3.582,-0.295,wing
Player 68,1,8.4,1.839,6.561,2.703,0.25,0.833,4.746,1.578,1.836,-0.158,guard
Player 69,1,9.102,0.368,8.734,-8.556,-0.404,-0.694,-28.563,1.013,3.763,-0.104,wing
Player 70,1,8.159,0.148,8.011,-23.144,-0.413,0.77,-2.05,-2.294,-14.149,-0.077,wing
Player 71,1,5.511,0.175,5.336,10.126,-0.481,-0.031,-49.772,-3.467,15.989,-0.221,big
Player 72,1,6.591,3.277,3.315,55.403,0.474,-0.675,12.827,-1.346,41.83,-0.019,guard
Player 73,2,12.389,1.43,10.959,-6.191,0.379,0.208,-20.016,2.341,-0.249,0.221,wing
Player 74,1,5.233,0.239,4.994,13.735,0.065,0.653,-163.715,-3.656,23.377,0.347,big
Player 75,2,13.955,0.629,13.325,-28.027,-0.909,-0.079,-0.576,-1.198,-12.816,-0.261,wing
Player 76,1,5.889,0.232,5.657,-41.596,-0.365,-1.09,-24.381,1.083,-33.567,-0.145,wing
Player 77,1,6.337,0.215,6.122,-6.298,-0.157,-0.141,-53.021,5.844,2.849,-0.106,big
Player 78,1,7.031,0.32,6.711,-16.228,-0.351,-0.573,-4.126,5.324,-11.741,-0.282,wing
Player 79,1,6.333,0.455,5.877,0.673,0.541,0.054,-44.63,2.361,4.408,0.417,big
Player 80,1,5.074,0.173,4.901,-47.834,-1.008,-0.167,-14.699,-0.403,-32.965,-0.267,wing
Player 81,1,6.979,0.35,6.629,-10.342,-0.134,-0.651,2.604,-0.524,-6.061,0.115,wing
Player 82,1,10.143,0.921,9.222,7.689,-0.095,0.18,-48.118,0.284,15.549,-0.076,big
Player 83,1,10.242,4.779,5.463,36.365,1.16,-0.018,2.13,-0.103,24.908,0.368,guard
Player 84,1,7.871,1.893,5.979,14.525,0.046,0.032,19.672,-0.477,6.388,-0.025,guard
Player 85,1,5.062,0.945,4.117,-26.498,0.415,1.406,-44.749,1.187,-20.547,0.192,big
Player 86,1,6.438,0.161,6.277,-44.979,-1.224,-0.846,-61.731,-5.605,-36.135,-0.824,wing
Player 87,1,6.981,0.627,6.355,3.259,-0.213,1.37,17.779,0.461,2.492,-0.086,big
Player 88,1,6.493,0.723,5.77,8.161,0.266,-0.699,67.425,-0.922,2.136,0.518,wing
Player 89,1,5.251,0.251,5.0,-7.726,-0.505,1.025,44.197,-1.975,-8.748,-0.391,big
Player 90,1,6.179,1.525,4.654,44.829,0.86,-1.874,41.897,1.251,40.984,0.516,guard
Player 91,1,7.904,2.09,5.814,-2.221,-0.187,-0.427,20.338,-1.473,-18.631,0.029,guard
Player 92,1,5.353,0.255,5.097,-8.649,-0.774,-0.816,-26.443,-1.144,1.142,-0.563,wing
Player 93,1,6.234,1.009,5.225,0.39,0.456,-1.058,0.994,-0.981,2.436,0.717,big
Player 94,1,7.648,1.857,5.791,12.66,-0.29,-0.273,-19.797,-0.87,17.462,-0.438,guard
Player 95,1,8.047,3.391,4.657,27.144,0.159,0.167,-6.066,-0.241,25.265,-0.491,guard
Player 96,1,8.117,2.061,6.056,-2.644,0.186,-0.026,-39.791,-1.976,0.278,0.451,guard
Player 97,1,8.596,0.627,7.969,3.809,0.037,1.211,-0.374,-1.537,6.765,0.206,big
Player 98,1,9.861,3.755,6.105,22.147,0.497,-0.211,-5.645,0.451,11.208,-0.108,guard
Player 99,1,5.168,0.256,4.912,-1.533,-0.748,1.473,-98.676,-0.805,7.475,-0.705,big
Player 100,1,6.652,1.668,4.984,-10.8,0.214,0.376,-18.375,0.079,-10.12,0.231,guard
Player 101,2,14.355,1.684,12.671,-10.035,-0.372,-0.183,-61.886,-1.618,-2.307,-0.142,big
Player 102,1,5.875,0.451,5.425,-12.73,0.373,0.589,-42.0,-0.023,-4.701,0.6,big
Player 103,1,5.589,1.855,3.734,26.925,0.16,-0.151,-12.266,-0.717,34.297,-0.098,guard
Player 104,1,7.762,1.566,6.196,6.113,0.252,1.122,18.625,-0.052,3.324,0.108,big
Player 105,1,7.049,1.712,5.337,-8.526,0.474,-0.328,-1.211,1.247,-12.047,0.19,guard
Player 106,1,7.791,2.165,5.627,10.095,0.365,1.996,1.518,0.646,4.687,-0.238,guard
Player 107,1,7.017,0.586,6.431,-19.38,-0.467,0.851,-76.212,-2.664,-10.119,-0.258,big
Player 108,1,6.889,0.449,6.441,3.251,-0.03,1.197,-12.747,-0.331,5.457,-0.01,big
Player 109,1,6.661,0.443,6.219,-28.205,-0.456,-0.744,39.285,0.461,-19.324,-0.173,wing
Player 110,1,8.179,0.531,7.649,-7.295,0.112,0.63,-76.418,-0.911,0.731,0.223,big
Player 111,1,5.138,0.417,4.721,-15.307,-0.831,-0.958,13.562,-3.755,-13.7,-0.432,big
Player 112,1,6.768,0.746,6.022,-8.503,-0.394,0.615,68.621,1.898,-14.87,-0.357,wing
Player 113,1,7.255,0.449,6.806,-29.12,0.219,-0.421,-106.09,4.769,-18.187,0.135,wing
Player 114,1,6.436,2.433,4.003,34.098,0.047,-0.277,4.12,-1.055,35.059,0.025,guard
Player 115,1,9.27,0.526,8.744,-28.174,-0.653,-1.675,44.135,0.521,-26.222,-0.638,wing
Player 116,1,5.869,0.487,5.382,-24.627,-0.453,-0.775,1.229,2.514,-19.809,-0.406,wing
Player 117,1,7.951,0.467,7.485,-16.301,-0.228,-0.807,-20.216,1.29,-7.716,0.032,wing
Player 118,1,5.649,0.499,5.149,8.492,-0.037,0.34,-36.454,-0.416,14.817,0.012,big
Player 119,2,16.268,1.885,14.383,-5.661,-0.064,-0.35,53.377,1.123,-11.66,-0.166,wing
Player 120,1,6.327,0.41,5.917,-35.142,-0.272,-0.847,70.814,1.762,-35.886,-0.163,wing
Player 121,2,13.067,5.167,7.9,3.083,0.125,-0.332,-24.842,-0.391,5.426,-0.147,guard
Player 122,1,6.497,2.482,4.015,7.353,-0.06,0.386,4.028,-0.694,1.952,0.021,guard
Player 123,1,5.491,1.982,3.509,9.458,-0.164,-0.309,-19.028,-1.165,16.039,-0.064,guard
Player 124,1,10.63,1.373,9.257,-6.675,-0.175,0.915,-25.233,-0.541,-2.223,-0.024,big
Player 125,1,8.173,2.485,5.688,16.439,-0.008,0.215,1.765,-1.45,12.761,0.28,guard
Player 126,1,6.367,1.363,5.003,32.821,0.67,0.144,65.81,0.778,18.619,0.492,guard
Player 127,1,6.014,1.65,4.364,2.692,0.943,-0.149,25.307,2.351,-12.408,0.134,guard
Player 128,1,5.326,1.828,3.498,8.957,-0.455,-0.663,-21.152,-1.394,12.044,-0.186,guard
Player 129,1,6.645,2.408,4.237,8.674,-0.561,-2.441,-13.111,-1.277,7.421,-0.528,guard
Player 130,1,8.46,1.617,6.843,16.781,0.132,-0.801,73.041,1.829,4.155,-0.312,guard
