action,actor,player_role,n,mean_duration_s,mean_speed,mean_excess_speed,mean_excess_distance_ft,efforts_per_min,mean_peak_speed
closeouts,ballhandler,big,111,1.261,4.488,-1.527,-1.994,8.486,6.865
closeouts,ballhandler,guard,191,1.284,5.339,-0.818,-0.968,14.308,8.236
closeouts,ballhandler,wing,277,1.307,4.396,-1.784,-2.319,12.591,6.879
closeouts,ballhandler_def,big,150,1.253,7.825,1.804,2.296,13.248,9.716
closeouts,ballhandler_def,guard,197,1.316,8.703,2.403,3.21,23.563,10.927
closeouts,ballhandler_def,wing,241,1.309,8.908,2.647,3.629,22.361,11.003
drives,ballhandler,big,73,2.244,10.078,4.013,8.26,15.131,13.227
drives,ballhandler,guard,458,2.595,11.263,5.033,11.967,12.857,14.46
drives,ballhandler,wing,115,2.197,10.973,4.72,10.09,13.289,13.968
drives,ballhandler_def,big,89,2.226,8.183,2.146,4.369,10.675,10.985
drives,ballhandler_def,guard,352,2.534,8.783,2.575,6.051,10.665,11.738
drives,ballhandler_def,wing,198,2.463,8.302,1.978,4.259,16.87,11.517
handoffs,receiver,big,13,4.04,8.498,2.422,9.785,10.282,13.34
handoffs,receiver,guard,309,4.031,7.883,1.643,6.624,16.19,12.937
handoffs,receiver,wing,87,4.027,8.415,2.063,8.355,17.423,13.584
handoffs,receiver_def,big,18,4.04,6.64,0.42,1.697,8.251,10.694
handoffs,receiver_def,guard,278,4.032,6.714,0.412,1.663,9.42,10.883
handoffs,receiver_def,wing,107,4.024,6.398,0.073,0.316,8.779,10.497
handoffs,setter,big,223,4.031,5.511,-0.405,-1.646,7.808,9.696
handoffs,setter,guard,70,4.029,9.364,3.106,12.533,8.322,13.71
handoffs,setter,wing,107,4.037,8.559,2.2,8.882,6.534,12.448
handoffs,setter_def,big,211,4.031,4.875,-1.067,-4.3,4.717,8.386
handoffs,setter_def,guard,69,4.04,7.011,0.63,2.547,6.457,10.775
handoffs,setter_def,wing,117,4.022,6.4,0.164,0.648,4.329,9.856
isolations,ballhandler,big,30,3.089,7.196,1.175,3.813,15.308,11.108
isolations,ballhandler,guard,109,2.948,7.437,1.313,3.64,12.784,11.224
isolations,ballhandler,wing,35,2.976,7.36,1.29,2.91,14.673,10.936
isolations,ballhandler_def,big,47,2.782,5.592,-0.354,-1.134,8.256,8.917
isolations,ballhandler_def,guard,64,2.796,6.181,-0.01,-0.273,11.108,9.677
isolations,ballhandler_def,wing,60,3.277,5.854,-0.338,-1.766,11.913,9.389
off_ball_screens,cutter,big,146,4.022,7.682,1.625,6.494,12.447,12.309
off_ball_screens,cutter,guard,530,4.015,8.893,2.684,10.758,15.15,13.936
off_ball_screens,cutter,wing,400,4.013,9.245,2.916,11.744,14.147,14.237
off_ball_screens,cutter_def,big,182,3.987,6.4,0.262,0.942,7.643,10.425
off_ball_screens,cutter_def,guard,504,4.027,7.152,0.946,3.789,10.092,11.674
off_ball_screens,cutter_def,wing,373,4.019,7.608,1.303,5.229,10.009,12.095
off_ball_screens,screener,big,641,4.019,4.237,-1.716,-6.892,2.445,7.715
off_ball_screens,screener,guard,126,4.003,6.326,0.106,0.442,6.271,10.54
off_ball_screens,screener,wing,290,4.009,5.016,-1.094,-4.355,3.425,8.732
off_ball_screens,screener_def,big,584,4.02,3.462,-2.464,-9.901,1.5,6.242
off_ball_screens,screener_def,guard,152,4.019,4.722,-1.499,-6.039,2.936,8.192
off_ball_screens,screener_def,wing,314,3.998,4.111,-2.013,-8.0,2.194,7.17
picks,ballhandler,big,25,4.034,7.662,1.626,6.556,12.5,12.5
picks,ballhandler,guard,1296,4.035,8.028,1.776,7.155,15.182,13.042
picks,ballhandler,wing,179,4.037,7.732,1.465,5.922,16.685,12.827
picks,ballhandler_def,big,72,4.04,6.096,-0.044,-0.178,9.076,10.351
picks,ballhandler_def,guard,1100,4.033,6.695,0.459,1.85,9.51,11.166
picks,ballhandler_def,wing,303,4.038,6.709,0.405,1.637,9.759,11.31
picks,screener,big,1153,4.035,6.559,0.653,2.635,10.428,10.91
picks,screener,guard,65,4.023,6.72,0.539,2.179,5.255,10.63
picks,screener,wing,235,4.035,7.248,1.126,4.547,9.057,11.692
picks,screener_def,big,1124,4.035,5.748,-0.167,-0.676,7.156,9.565
picks,screener_def,guard,92,4.03,5.355,-0.785,-3.177,5.004,8.936
picks,screener_def,wing,210,4.029,5.952,-0.119,-0.477,7.86,9.752
posts,ballhandler,big,84,3.0,3.646,-2.281,-7.158,0.719,5.687
posts,ballhandler,wing,14,3.411,3.784,-1.848,-6.13,3.685,6.592
posts,ballhandler_def,big,41,2.849,3.0,-3.062,-9.122,0.0,5.108
posts,ballhandler_def,guard,24,2.88,2.893,-3.246,-9.832,0.434,4.743
posts,ballhandler_def,wing,36,3.414,3.24,-2.727,-9.512,4.788,5.655
