game_id,game_date,team_name,player_label,role,minutes_running,distance_ft,distance_per_min,hsd_ft,hsd_per_min,sprints,accels,decels,efforts_per_min,peak_speed,peak30_dist_per_min,peak60_dist_per_min,detected_share
114243,2025-10-11,Coviran Granada,Player 35,guard,17.39,6924.966,398.215,900.128,51.761,5,57,43,5.75,26.0,630.821,520.68,0.834
114243,2025-10-11,Coviran Granada,Player 36,unassigned,6.084,2342.473,385.022,197.031,32.385,0,25,18,7.068,18.642,571.01,499.323,0.857
114243,2025-10-11,Coviran Granada,Player 41,big,21.65,8246.677,380.909,740.214,34.19,3,62,34,4.434,21.513,586.058,531.215,0.876
114243,2025-10-11,Coviran Granada,Player 46,wing,13.941,5338.569,382.949,958.644,68.766,4,36,21,4.089,21.344,653.032,507.509,0.877
114243,2025-10-11,Coviran Granada,Player 68,wing,27.881,11474.917,411.563,1432.792,51.389,5,73,55,4.591,21.953,636.531,539.428,0.823
114243,2025-10-11,Coviran Granada,Player 186,big,26.753,10152.072,379.479,1380.067,51.586,9,44,31,2.803,23.27,612.612,503.826,0.883
114243,2025-10-11,Coviran Granada,Player 187,big,12.749,5103.25,400.297,652.058,51.147,5,33,14,3.687,20.633,688.345,497.207,0.898
114243,2025-10-11,Coviran Granada,Player 188,guard,22.231,8609.733,387.279,593.095,26.678,2,44,53,4.363,23.078,630.287,529.008,0.85
114243,2025-10-11,Coviran Granada,Player 189,guard,17.033,6420.006,376.923,773.056,45.387,4,44,31,4.403,23.086,649.659,506.467,0.837
114243,2025-10-11,Coviran Granada,Player 192,unassigned,1.949,743.783,381.558,60.027,30.794,0,8,4,6.156,18.532,459.445,408.549,0.885
114243,2025-10-11,Coviran Granada,Player 193,guard,17.783,6903.92,388.239,489.501,27.527,4,58,56,6.411,21.591,622.938,537.861,0.902
114243,2025-10-11,Coviran Granada,Player 198,big,11.57,4199.853,362.995,409.707,35.411,0,25,18,3.717,20.012,563.144,464.941,0.891
114243,2025-10-11,BAXI Manresa,Player 10,big,16.853,6729.786,399.331,1108.415,65.771,8,70,51,7.18,23.021,710.18,517.389,0.885
114243,2025-10-11,BAXI Manresa,Player 14,big,21.359,8241.627,385.868,1153.675,54.014,8,64,44,5.056,22.299,579.372,485.529,0.836
114243,2025-10-11,BAXI Manresa,Player 16,wing,14.751,6056.95,410.604,738.331,50.052,1,45,32,5.22,22.882,641.43,560.507,0.846
114243,2025-10-11,BAXI Manresa,Player 77,guard,19.902,7801.506,391.996,882.711,44.353,3,48,49,4.874,26.0,624.428,567.875,0.88
114243,2025-10-11,BAXI Manresa,Player 163,big,16.331,6570.007,402.295,1244.368,76.195,9,33,30,3.858,22.996,775.521,549.274,0.878
114243,2025-10-11,BAXI Manresa,Player 164,wing,19.935,7842.208,393.382,981.423,49.23,10,40,34,3.712,26.0,583.894,513.722,0.867
114243,2025-10-11,BAXI Manresa,Player 165,wing,22.341,8591.708,384.577,1263.976,56.577,11,47,36,3.715,26.0,645.5,524.483,0.892
114243,2025-10-11,BAXI Manresa,Player 166,guard,21.325,8963.949,420.356,816.034,38.267,1,55,63,5.533,23.969,607.996,521.325,0.927
114243,2025-10-11,BAXI Manresa,Player 167,big,18.233,7774.402,426.4,1104.414,60.573,9,44,37,4.443,26.0,698.984,577.111,0.875
114243,2025-10-11,BAXI Manresa,Player 168,unassigned,6.961,2863.808,411.427,381.359,54.788,2,28,30,8.333,22.298,582.294,460.794,0.936
114243,2025-10-11,BAXI Manresa,Player 184,guard,15.533,6228.518,400.978,312.863,20.141,0,36,41,4.957,19.923,556.168,499.167,0.909
114243,2025-10-11,BAXI Manresa,Player 190,unassigned,3.49,1376.243,394.339,245.324,70.293,2,13,10,6.59,20.535,502.529,479.038,0.905
114234,2025-10-18,Leche Rio Breogan,Player 28,wing,14.145,5726.81,404.855,656.366,46.402,4,34,23,4.03,22.072,644.56,566.814,0.884
114234,2025-10-18,Leche Rio Breogan,Player 44,wing,17.992,7167.67,398.381,511.412,28.424,0,49,34,4.613,19.518,549.883,499.049,0.843
114234,2025-10-18,Leche Rio Breogan,Player 84,guard,22.435,9017.087,401.915,604.952,26.964,3,61,55,5.17,26.0,638.659,548.05,0.923
114234,2025-10-18,Leche Rio Breogan,Player 85,wing,21.88,8117.606,371.006,577.559,26.397,3,42,23,2.971,23.62,566.18,494.443,0.845
114234,2025-10-18,Leche Rio Breogan,Player 101,big,11.124,4274.296,384.241,349.39,31.409,0,33,28,5.484,21.714,561.928,498.81,0.818
114234,2025-10-18,Leche Rio Breogan,Player 102,guard,16.024,6522.081,407.02,397.766,24.823,0,41,42,5.18,21.791,597.289,496.092,0.909
114234,2025-10-18,Leche Rio Breogan,Player 103,wing,21.396,8883.16,415.179,879.698,41.115,3,69,47,5.422,21.774,631.125,528.57,0.861
114234,2025-10-18,Leche Rio Breogan,Player 104,big,18.642,6470.798,347.109,686.811,36.842,5,64,40,5.579,23.522,518.477,455.212,0.794
114234,2025-10-18,Leche Rio Breogan,Player 105,wing,21.715,8888.297,409.31,1111.551,51.187,5,53,31,3.868,22.503,584.463,537.317,0.872
114234,2025-10-18,Leche Rio Breogan,Player 106,wing,16.579,6600.032,398.088,930.297,56.112,7,43,30,4.403,22.678,635.137,534.351,0.876
114234,2025-10-18,Leche Rio Breogan,Player 107,big,10.363,4164.244,401.825,523.214,50.487,1,42,29,6.851,20.411,598.028,488.264,0.849
114234,2025-10-18,Casademont Zaragoza,Player 12,wing,15.433,6350.48,411.478,571.663,37.041,2,39,34,4.73,22.108,581.439,501.133,0.845
114234,2025-10-18,Casademont Zaragoza,Player 25,big,20.553,7320.3,356.161,510.158,24.821,1,32,26,2.822,20.163,517.218,460.899,0.886
114234,2025-10-18,Casademont Zaragoza,Player 53,guard,25.785,9901.395,383.993,552.138,21.413,3,52,52,4.033,26.0,602.782,504.178,0.916
114234,2025-10-18,Casademont Zaragoza,Player 70,big,26.253,9895.802,376.945,846.849,32.258,4,53,38,3.466,23.3,582.908,480.685,0.866
114234,2025-10-18,Casademont Zaragoza,Player 79,wing,16.14,6802.91,421.494,651.432,40.361,4,43,31,4.585,26.0,607.401,504.497,0.859
114234,2025-10-18,Casademont Zaragoza,Player 177,big,17.906,6324.752,353.22,334.327,18.671,0,34,31,3.63,19.131,503.776,435.534,0.857
114234,2025-10-18,Casademont Zaragoza,Player 178,wing,25.495,10051.106,394.243,832.735,32.663,3,51,36,3.412,23.879,674.904,559.606,0.861
114234,2025-10-18,Casademont Zaragoza,Player 179,wing,19.281,8230.588,426.883,1154.482,59.878,5,56,42,5.083,24.398,669.582,598.011,0.881
114234,2025-10-18,Casademont Zaragoza,Player 180,guard,12.667,4900.572,386.887,265.006,20.922,1,33,41,5.842,21.203,557.335,497.291,0.917
114234,2025-10-18,Casademont Zaragoza,Player 181,guard,6.047,2524.928,417.527,237.617,39.293,1,15,20,5.788,21.605,555.158,506.843,0.894
114234,2025-10-18,Casademont Zaragoza,Player 202,wing,6.737,2784.932,413.399,299.469,44.454,1,13,13,3.859,20.377,549.601,526.219,0.843
114169,2025-12-14,Club Joventut Badalona,Player 48,guard,23.759,8121.706,341.842,302.903,12.749,1,56,53,4.588,20.456,598.716,534.197,0.851
114169,2025-12-14,Club Joventut Badalona,Player 61,big,12.261,4761.435,388.35,370.038,30.181,2,27,13,3.262,21.602,526.247,502.81,0.842
114169,2025-12-14,Club Joventut Badalona,Player 63,guard,25.316,9198.353,363.341,426.204,16.835,0,46,58,4.108,20.103,563.27,527.326,0.895
114169,2025-12-14,Club Joventut Badalona,Player 94,big,27.461,9253.931,336.98,199.207,7.254,0,57,19,2.768,18.201,490.57,433.81,0.871
114169,2025-12-14,Club Joventut Badalona,Player 95,wing,17.309,6599.172,381.264,657.422,37.982,5,48,37,4.911,23.091,586.839,495.062,0.853
114169,2025-12-14,Club Joventut Badalona,Player 96,unassigned,6.248,2178.732,348.709,150.905,24.153,0,8,11,3.041,18.5,527.476,401.283,0.908
114169,2025-12-14,Club Joventut Badalona,Player 97,guard,22.822,8788.107,385.072,473.442,20.745,2,54,46,4.382,23.461,573.921,497.976,0.883
114169,2025-12-14,Club Joventut Badalona,Player 98,wing,26.99,9895.573,366.639,892.93,33.084,6,52,18,2.594,21.613,619.684,512.815,0.868
114169,2025-12-14,Club Joventut Badalona,Player 99,wing,22.246,7846.24,352.703,1212.698,54.513,9,53,34,3.911,25.697,565.073,455.32,0.865
114169,2025-12-14,Club Joventut Badalona,Player 100,big,13.629,4766.016,349.705,478.526,35.112,2,40,26,4.843,22.701,539.238,450.61,0.876
114169,2025-12-14,CB UCAM Murcia,Player 01,unassigned,4.717,1904.816,403.791,267.108,56.623,1,20,20,8.479,20.365,548.204,526.323,0.885
114169,2025-12-14,CB UCAM Murcia,Player 05,guard,13.338,4980.0,373.369,342.549,25.682,1,41,40,6.073,21.865,527.879,459.745,0.873
114169,2025-12-14,CB UCAM Murcia,Player 07,guard,27.649,9538.771,344.999,564.646,20.422,2,55,72,4.593,26.0,573.377,468.069,0.879
114169,2025-12-14,CB UCAM Murcia,Player 29,guard,13.026,4925.6,378.136,562.829,43.208,4,30,27,4.376,23.105,571.181,486.571,0.841
114169,2025-12-14,CB UCAM Murcia,Player 56,unassigned,0.083,34.238,414.168,0.0,0.0,0,1,2,36.29,13.82,,,1.0
114169,2025-12-14,CB UCAM Murcia,Player 86,wing,20.627,7384.166,357.98,1013.222,49.12,8,46,43,4.315,23.943,606.752,514.422,0.917
114169,2025-12-14,CB UCAM Murcia,Player 88,big,12.759,4164.901,326.437,246.371,19.31,1,29,26,4.311,20.566,498.498,449.284,0.82
114169,2025-12-14,CB UCAM Murcia,Player 89,big,26.561,9233.9,347.653,477.274,17.969,0,61,31,3.464,20.046,598.616,451.511,0.869
114169,2025-12-14,CB UCAM Murcia,Player 90,wing,18.561,7472.542,402.586,972.459,52.392,6,50,26,4.095,26.0,601.666,520.193,0.865
114169,2025-12-14,CB UCAM Murcia,Player 91,wing,29.902,10430.297,348.816,893.689,29.887,2,80,31,3.712,22.455,506.931,452.746,0.855
114169,2025-12-14,CB UCAM Murcia,Player 92,unassigned,2.81,981.799,349.395,79.434,28.268,1,9,5,4.982,21.878,537.115,344.614,0.865
114169,2025-12-14,CB UCAM Murcia,Player 93,guard,28.007,9714.608,346.859,556.097,19.855,3,67,51,4.213,24.089,566.795,507.981,0.816
114099,2026-01-31,San Pablo Burgos,Player 13,wing,27.896,9575.538,343.258,640.934,22.976,3,51,18,2.473,22.644,556.633,510.759,0.841
114099,2026-01-31,San Pablo Burgos,Player 23,guard,23.094,7965.982,344.937,383.804,16.619,3,42,37,3.421,22.017,536.34,463.515,0.864
114099,2026-01-31,San Pablo Burgos,Player 32,wing,23.991,8576.627,357.498,454.003,18.924,1,37,48,3.543,21.034,554.178,491.188,0.836
114099,2026-01-31,San Pablo Burgos,Player 39,big,23.605,8656.02,366.708,495.847,21.006,1,49,31,3.389,21.376,542.59,492.314,0.858
114099,2026-01-31,San Pablo Burgos,Player 64,guard,22.319,7806.456,349.762,263.542,11.808,0,42,47,3.988,19.552,640.415,456.575,0.904
114099,2026-01-31,San Pablo Burgos,Player 87,unassigned,3.99,1417.955,355.377,92.812,23.261,0,8,7,3.759,17.565,491.778,440.701,0.889
114099,2026-01-31,San Pablo Burgos,Player 125,wing,14.997,5478.706,365.312,335.785,22.39,0,32,19,3.401,19.22,528.523,507.346,0.81
114099,2026-01-31,San Pablo Burgos,Player 126,big,16.031,5616.921,350.371,419.12,26.144,3,40,25,4.055,21.023,522.74,457.98,0.817
114099,2026-01-31,San Pablo Burgos,Player 127,big,15.606,6043.05,387.226,504.964,32.357,2,26,20,2.948,21.014,598.003,520.664,0.859
114099,2026-01-31,San Pablo Burgos,Player 128,guard,18.127,6718.938,370.652,515.687,28.448,2,32,32,3.531,21.001,607.334,561.25,0.849
114099,2026-01-31,San Pablo Burgos,Player 175,unassigned,6.085,2172.218,356.96,146.606,24.092,2,9,11,3.287,20.83,517.082,412.042,0.734
114099,2026-01-31,San Pablo Burgos,Player 176,unassigned,0.108,25.423,235.396,0.0,0.0,0,0,0,0.0,7.955,,,1.0
114099,2026-01-31,Basquet Girona,Player 17,big,14.499,5331.801,367.727,352.505,24.312,3,62,39,6.966,21.649,509.995,427.906,0.855
114099,2026-01-31,Basquet Girona,Player 42,guard,23.805,9454.852,397.185,674.637,28.341,3,67,71,5.797,24.412,585.733,526.184,0.86
114099,2026-01-31,Basquet Girona,Player 43,big,18.641,6881.698,369.163,633.468,33.982,4,46,42,4.721,21.224,564.866,504.72,0.871
114099,2026-01-31,Basquet Girona,Player 52,big,21.76,7797.086,358.322,594.636,27.327,1,49,27,3.493,21.321,539.138,441.204,0.866
114099,2026-01-31,Basquet Girona,Player 83,guard,20.529,8165.967,397.784,706.523,34.416,3,70,67,6.674,21.173,641.29,551.421,0.882
114099,2026-01-31,Basquet Girona,Player 169,guard,11.961,4562.052,381.4,131.725,11.013,0,18,21,3.261,19.529,545.242,461.129,0.876
114099,2026-01-31,Basquet Girona,Player 170,wing,26.961,10097.219,374.517,847.93,31.451,6,71,43,4.228,22.804,550.84,485.766,0.836
114099,2026-01-31,Basquet Girona,Player 171,wing,18.951,7304.208,385.419,823.337,43.445,6,41,44,4.485,22.836,622.785,505.121,0.883
114099,2026-01-31,Basquet Girona,Player 172,wing,21.175,7713.266,364.257,571.241,26.977,3,47,39,4.061,21.437,606.024,519.292,0.831
114099,2026-01-31,Basquet Girona,Player 173,unassigned,3.404,1438.244,422.516,124.68,36.628,0,12,8,5.875,19.502,530.415,471.931,0.929
114099,2026-01-31,Basquet Girona,Player 174,wing,14.163,4791.879,338.33,358.193,25.29,1,32,15,3.318,20.64,503.796,461.055,0.828
114086,2026-02-08,Bitci Baskonia,Player 19,big,14.951,4915.128,328.756,312.912,20.93,3,35,14,3.277,22.025,500.611,462.892,0.918
114086,2026-02-08,Bitci Baskonia,Player 27,guard,20.603,7501.708,364.102,438.474,21.282,1,44,39,4.028,21.642,520.04,491.452,0.896
114086,2026-02-08,Bitci Baskonia,Player 30,big,14.405,5032.592,349.356,299.14,20.766,1,40,24,4.443,21.319,583.098,478.072,0.914
114086,2026-02-08,Bitci Baskonia,Player 33,wing,18.882,6945.528,367.839,492.808,26.099,2,54,42,5.084,22.739,530.827,492.288,0.851
114086,2026-02-08,Bitci Baskonia,Player 67,guard,20.198,7260.738,359.478,573.652,28.401,2,40,31,3.515,20.891,619.28,499.774,0.913
114086,2026-02-08,Bitci Baskonia,Player 69,big,17.98,6070.411,337.62,279.492,15.545,1,34,27,3.393,20.54,475.151,423.677,0.905
114086,2026-02-08,Bitci Baskonia,Player 129,guard,25.601,9077.418,354.568,391.918,15.308,3,55,59,4.453,22.197,514.473,465.388,0.946
114086,2026-02-08,Bitci Baskonia,Player 130,wing,16.641,6880.212,413.441,853.776,51.305,2,42,26,4.086,20.768,633.915,540.241,0.925
114086,2026-02-08,Bitci Baskonia,Player 131,wing,17.159,6307.246,367.569,615.412,35.865,2,29,32,3.555,20.685,578.5,496.533,0.919
114086,2026-02-08,Bitci Baskonia,Player 132,big,17.189,6235.679,362.764,431.689,25.114,3,34,25,3.432,23.108,530.646,455.402,0.938
114086,2026-02-08,Bitci Baskonia,Player 133,wing,13.929,5440.59,390.585,617.229,44.311,3,44,35,5.671,23.956,537.409,485.081,0.92
114086,2026-02-08,Dreamland Gran Canaria,Player 04,guard,27.044,9986.067,369.253,850.707,31.456,5,66,45,4.104,22.395,585.973,500.545,0.897
114086,2026-02-08,Dreamland Gran Canaria,Player 18,big,30.006,10769.186,358.901,651.46,21.711,2,94,63,5.232,22.125,531.71,468.859,0.932
114086,2026-02-08,Dreamland Gran Canaria,Player 34,wing,12.111,4289.286,354.174,391.629,32.338,0,24,13,3.055,18.55,556.168,467.209,0.898
114086,2026-02-08,Dreamland Gran Canaria,Player 55,guard,19.929,8147.584,408.824,616.345,30.927,3,59,49,5.419,21.565,608.281,539.466,0.923
114086,2026-02-08,Dreamland Gran Canaria,Player 73,wing,19.634,7559.709,385.032,547.262,27.873,2,47,34,4.125,22.458,611.787,507.731,0.913
114086,2026-02-08,Dreamland Gran Canaria,Player 146,big,10.317,3753.524,363.808,411.471,39.882,1,25,16,3.974,21.031,513.863,453.85,0.927
114086,2026-02-08,Dreamland Gran Canaria,Player 147,guard,18.681,6587.458,352.635,259.245,13.878,2,41,27,3.64,20.536,509.749,464.695,0.92
114086,2026-02-08,Dreamland Gran Canaria,Player 148,wing,12.293,4064.275,330.626,327.595,26.65,1,15,12,2.196,22.983,524.061,456.324,0.897
114086,2026-02-08,Dreamland Gran Canaria,Player 149,big,19.299,7063.365,365.99,625.009,32.385,3,35,25,3.109,20.308,541.895,476.465,0.923
114086,2026-02-08,Dreamland Gran Canaria,Player 150,big,7.627,2773.118,363.576,76.54,10.035,0,15,13,3.671,17.984,518.741,481.535,0.807
114086,2026-02-08,Dreamland Gran Canaria,Player 151,guard,16.173,6598.646,407.995,514.816,31.831,5,41,40,5.008,21.978,561.472,523.102,0.937
114086,2026-02-08,Dreamland Gran Canaria,Player 197,guard,4.425,1843.683,416.62,100.329,22.672,0,10,10,4.519,19.314,526.008,468.921,0.941
178442,2026-03-21,Bilbao Basket,Player 24,wing,34.217,12506.114,365.498,856.629,25.035,4,77,72,4.355,22.985,587.866,533.043,0.813
178442,2026-03-21,Bilbao Basket,Player 40,wing,18.702,6975.409,372.977,447.634,23.935,0,31,25,2.994,19.73,578.058,538.841,0.821
178442,2026-03-21,Bilbao Basket,Player 72,guard,26.416,9536.4,361.008,457.783,17.33,1,42,29,2.688,20.786,611.634,507.745,0.832
178442,2026-03-21,Bilbao Basket,Player 78,wing,25.772,9054.141,351.317,284.747,11.049,1,28,17,1.746,21.009,582.084,465.708,0.875
178442,2026-03-21,Bilbao Basket,Player 139,guard,24.377,9065.981,371.902,439.534,18.03,3,45,40,3.487,22.147,602.425,520.623,0.893
178442,2026-03-21,Bilbao Basket,Player 140,big,26.117,8808.664,337.281,187.769,7.19,2,42,30,2.757,21.396,511.286,447.649,0.846
178442,2026-03-21,Bilbao Basket,Player 141,wing,10.839,4127.463,380.809,279.086,25.749,0,21,21,3.875,20.422,655.758,484.976,0.79
178442,2026-03-21,Bilbao Basket,Player 142,unassigned,4.798,1933.309,402.941,307.871,64.166,2,9,9,3.752,21.694,615.967,554.601,0.753
178442,2026-03-21,Bilbao Basket,Player 143,unassigned,2.063,781.387,378.824,84.141,40.792,1,5,2,3.394,20.793,473.611,422.212,0.876
178442,2026-03-21,Bilbao Basket,Player 144,guard,32.159,10919.678,339.556,344.193,10.703,1,54,67,3.763,22.407,549.016,476.57,0.836
178442,2026-03-21,Bilbao Basket,Player 145,big,15.805,5465.51,345.816,214.102,13.547,0,33,19,3.29,18.278,566.656,491.502,0.853
178442,2026-03-21,BC MoraBanc Andorra,Player 03,big,30.393,11162.266,367.268,644.016,21.19,2,54,39,3.06,21.421,600.28,504.857,0.888
178442,2026-03-21,BC MoraBanc Andorra,Player 06,guard,31.495,12136.788,385.36,913.869,29.017,5,79,83,5.144,23.461,538.686,493.324,0.874
178442,2026-03-21,BC MoraBanc Andorra,Player 22,wing,28.941,10576.615,365.459,622.877,21.523,2,45,49,3.248,22.42,560.329,489.288,0.853
178442,2026-03-21,BC MoraBanc Andorra,Player 45,unassigned,5.069,1963.591,387.398,218.403,43.089,0,15,11,5.13,19.827,587.29,477.089,0.852
178442,2026-03-21,BC MoraBanc Andorra,Player 49,guard,15.095,5553.286,367.881,191.436,12.682,0,26,32,3.842,20.738,595.354,493.804,0.852
178442,2026-03-21,BC MoraBanc Andorra,Player 75,guard,27.58,10781.345,390.912,770.336,27.931,3,68,65,4.822,21.436,595.324,550.979,0.863
178442,2026-03-21,BC MoraBanc Andorra,Player 159,wing,23.443,8682.492,370.371,572.043,24.402,3,59,51,4.692,23.95,696.542,556.311,0.828
178442,2026-03-21,BC MoraBanc Andorra,Player 160,big,27.769,9646.814,347.391,432.146,15.562,2,61,43,3.745,22.581,549.324,473.132,0.861
178442,2026-03-21,BC MoraBanc Andorra,Player 182,wing,11.415,4302.199,376.901,368.551,32.288,1,38,24,5.432,21.182,583.01,537.784,0.899
178442,2026-03-21,BC MoraBanc Andorra,Player 194,unassigned,0.605,252.232,417.142,12.035,19.903,0,3,3,9.923,17.108,,,0.853
178442,2026-03-21,BC MoraBanc Andorra,Player 199,wing,13.487,4904.905,363.685,494.782,36.687,1,20,19,2.892,21.844,604.859,480.172,0.798
178442,2026-03-21,BC MoraBanc Andorra,Player 201,unassigned,5.973,2171.902,363.6,93.003,15.57,0,7,7,2.344,19.206,559.899,455.5,0.776
179612,2026-04-12,Valencia BC,Player 02,guard,21.324,7671.613,359.764,797.748,37.411,5,49,36,3.986,24.687,576.908,484.213,0.805
179612,2026-04-12,Valencia BC,Player 09,guard,15.249,6050.804,396.791,640.718,42.016,3,40,37,5.049,21.383,562.258,499.951,0.843
179612,2026-04-12,Valencia BC,Player 21,big,16.644,5842.576,351.032,265.724,15.965,1,49,38,5.227,23.81,538.964,449.477,0.872
179612,2026-04-12,Valencia BC,Player 31,wing,17.611,6538.184,371.249,444.64,25.247,0,55,36,5.167,20.606,537.29,473.704,0.869
179612,2026-04-12,Valencia BC,Player 51,wing,19.098,7025.252,367.853,638.768,33.447,2,37,35,3.77,20.204,533.14,453.102,0.871
179612,2026-04-12,Valencia BC,Player 54,unassigned,7.17,2340.625,326.447,45.682,6.371,0,18,17,4.881,17.963,466.827,395.616,0.861
179612,2026-04-12,Valencia BC,Player 74,unassigned,5.083,1900.819,373.932,195.247,38.409,0,14,15,5.705,19.819,594.197,481.474,0.907
179612,2026-04-12,Valencia BC,Player 134,big,15.092,5328.941,353.097,836.404,55.42,3,30,22,3.446,21.91,621.516,502.374,0.806
179612,2026-04-12,Valencia BC,Player 135,big,22.925,8635.316,376.682,829.262,36.173,5,59,32,3.97,22.694,561.229,521.832,0.887
179612,2026-04-12,Valencia BC,Player 136,guard,21.866,8123.279,371.503,526.351,24.072,1,59,57,5.305,22.453,566.605,479.738,0.868
179612,2026-04-12,Valencia BC,Player 137,big,16.722,6207.522,371.219,449.23,26.865,0,55,27,4.904,20.021,572.208,500.011,0.876
179612,2026-04-12,Valencia BC,Player 138,guard,23.895,8894.434,372.225,710.266,29.724,5,49,53,4.269,24.645,630.213,517.634,0.829
179612,2026-04-12,Malaga,Player 08,wing,16.031,6158.503,384.154,359.086,22.399,0,37,31,4.242,19.998,579.232,508.723,0.845
179612,2026-04-12,Malaga,Player 20,guard,19.961,7568.198,379.143,677.083,33.92,1,55,49,5.21,23.586,577.224,499.219,0.822
179612,2026-04-12,Malaga,Player 26,wing,17.515,6555.984,374.314,207.3,11.836,1,26,18,2.512,20.672,587.991,481.458,0.85
179612,2026-04-12,Malaga,Player 71,big,20.421,7433.68,364.015,508.638,24.907,0,45,28,3.575,20.069,547.37,487.029,0.844
179612,2026-04-12,Malaga,Player 81,unassigned,6.339,2118.55,334.191,93.874,14.808,0,7,7,2.208,20.24,479.132,395.992,0.849
179612,2026-04-12,Malaga,Player 119,guard,22.017,8568.728,389.193,493.558,22.417,5,50,51,4.587,24.114,594.261,507.083,0.884
179612,2026-04-12,Malaga,Player 120,big,12.802,4640.098,362.451,239.187,18.684,1,31,24,4.296,20.975,528.453,486.855,0.848
179612,2026-04-12,Malaga,Player 121,wing,20.462,6972.823,340.769,485.158,23.71,3,37,23,2.932,26.0,619.723,476.655,0.826
179612,2026-04-12,Malaga,Player 122,wing,10.56,3922.566,371.455,327.107,30.976,2,30,28,5.492,20.871,506.255,443.812,0.855
179612,2026-04-12,Malaga,Player 123,big,21.285,7695.368,361.534,320.884,15.075,1,43,28,3.336,21.598,602.547,478.952,0.87
179612,2026-04-12,Malaga,Player 124,wing,16.933,6536.988,386.043,379.834,22.431,0,41,32,4.311,19.434,522.498,483.979,0.824
179612,2026-04-12,Malaga,Player 183,guard,18.353,6576.214,358.325,372.641,20.304,3,31,43,4.032,22.879,509.473,458.227,0.855
184439,2026-04-19,Lenovo Tenerife,Player 59,guard,23.198,8792.629,379.025,372.584,16.061,2,52,45,4.181,22.237,552.572,504.797,0.792
184439,2026-04-19,Lenovo Tenerife,Player 108,unassigned,8.741,3233.516,369.939,473.988,54.228,4,12,9,2.403,23.312,568.533,469.12,0.893
184439,2026-04-19,Lenovo Tenerife,Player 109,wing,20.747,7571.211,364.936,557.567,26.875,3,41,23,3.085,22.031,592.539,518.908,0.881
184439,2026-04-19,Lenovo Tenerife,Player 110,big,17.515,6564.344,374.791,484.098,27.64,3,50,32,4.682,21.194,526.352,494.279,0.873
184439,2026-04-19,Lenovo Tenerife,Player 111,wing,13.107,5042.871,384.737,559.886,42.715,2,23,12,2.67,21.879,538.077,465.346,0.899
184439,2026-04-19,Lenovo Tenerife,Player 112,guard,14.219,5561.26,391.106,227.562,16.004,0,34,36,4.923,19.507,605.64,507.027,0.828
184439,2026-04-19,Lenovo Tenerife,Player 113,wing,19.369,7725.028,398.841,1014.832,52.396,3,43,18,3.149,23.907,590.604,544.03,0.865
184439,2026-04-19,Lenovo Tenerife,Player 114,big,26.721,9262.953,346.65,293.287,10.976,0,49,39,3.293,22.716,518.699,458.043,0.897
184439,2026-04-19,Lenovo Tenerife,Player 115,big,11.843,4096.252,345.889,200.596,16.938,0,24,10,2.871,19.196,541.581,473.118,0.85
184439,2026-04-19,Lenovo Tenerife,Player 116,guard,15.411,6229.93,404.243,348.336,22.603,0,50,49,6.424,19.213,574.764,510.423,0.879
184439,2026-04-19,Lenovo Tenerife,Player 117,unassigned,2.751,1012.367,368.044,128.437,46.693,1,6,4,3.635,23.65,601.719,480.028,0.89
184439,2026-04-19,Lenovo Tenerife,Player 118,guard,26.499,9828.086,370.89,502.25,18.954,0,62,62,4.679,20.08,549.961,476.574,0.873
184439,2026-04-19,Real Madrid,Player 37,guard,21.019,7575.242,360.405,503.716,23.965,2,39,41,3.806,22.13,563.327,448.181,0.858
184439,2026-04-19,Real Madrid,Player 38,wing,18.835,6617.412,351.33,273.388,14.515,0,33,15,2.548,19.062,539.369,476.756,0.855
184439,2026-04-19,Real Madrid,Player 57,unassigned,8.428,3006.458,356.723,206.408,24.491,2,18,13,3.678,24.216,520.398,446.252,0.883
184439,2026-04-19,Real Madrid,Player 58,big,20.575,7325.872,356.051,580.603,28.218,4,29,24,2.576,23.3,586.0,482.435,0.883
184439,2026-04-19,Real Madrid,Player 60,unassigned,6.993,2491.784,356.342,159.375,22.792,0,15,10,3.575,20.041,511.791,430.127,0.863
184439,2026-04-19,Real Madrid,Player 62,guard,20.743,7857.542,378.811,599.014,28.878,3,47,41,4.242,22.71,591.107,537.893,0.845
184439,2026-04-19,Real Madrid,Player 66,guard,27.438,10384.343,378.466,520.363,18.965,1,57,63,4.373,23.625,541.436,492.723,0.853
184439,2026-04-19,Real Madrid,Player 76,unassigned,6.239,2288.543,366.832,197.171,31.605,2,11,5,2.565,23.637,575.859,489.551,0.876
184439,2026-04-19,Real Madrid,Player 80,big,24.172,7864.256,325.346,447.48,18.512,0,53,30,3.434,19.464,488.521,444.219,0.877
184439,2026-04-19,Real Madrid,Player 161,guard,16.688,6135.49,367.659,417.958,25.045,3,25,32,3.416,24.962,570.645,483.449,0.808
184439,2026-04-19,Real Madrid,Player 162,wing,14.019,5408.68,385.82,700.959,50.002,1,29,23,3.709,21.65,608.677,501.989,0.863
184439,2026-04-19,Real Madrid,Player 185,wing,14.972,5645.238,377.053,267.867,17.891,2,26,26,3.473,20.756,567.063,507.684,0.856
188630,2026-05-03,Dreamland Gran Canaria,Player 04,guard,20.215,6981.26,345.356,420.559,20.805,3,41,33,3.661,23.247,514.68,468.502,0.807
188630,2026-05-03,Dreamland Gran Canaria,Player 34,wing,6.921,2142.581,309.592,158.286,22.871,0,17,8,3.612,18.808,451.977,395.653,0.812
188630,2026-05-03,Dreamland Gran Canaria,Player 50,wing,26.038,7406.498,284.45,156.425,6.008,0,15,7,0.845,20.393,512.742,418.405,0.844
188630,2026-05-03,Dreamland Gran Canaria,Player 55,guard,24.32,8261.012,339.68,212.56,8.74,1,49,49,4.03,20.176,533.041,419.97,0.804
188630,2026-05-03,Dreamland Gran Canaria,Player 73,wing,26.409,9173.987,347.377,688.0,26.051,2,65,31,3.635,20.479,589.175,481.044,0.815
188630,2026-05-03,Dreamland Gran Canaria,Player 149,big,20.439,7086.898,346.74,361.431,17.684,2,35,22,2.789,20.774,524.839,446.424,0.86
188630,2026-05-03,Dreamland Gran Canaria,Player 150,big,18.861,5883.796,311.95,95.438,5.06,0,40,19,3.128,19.444,522.792,422.299,0.836
188630,2026-05-03,Dreamland Gran Canaria,Player 151,guard,5.907,2162.693,366.144,242.97,41.135,0,13,8,3.555,19.48,525.523,456.59,0.889
188630,2026-05-03,Dreamland Gran Canaria,Player 152,unassigned,1.776,578.267,325.601,64.207,36.153,1,4,2,3.378,20.999,400.761,348.835,0.798
188630,2026-05-03,Dreamland Gran Canaria,Player 197,guard,19.008,7108.276,373.962,225.879,11.883,0,31,33,3.367,18.643,510.751,460.747,0.868
188630,2026-05-03,Dreamland Gran Canaria,Player 203,guard,25.738,9097.396,353.462,484.722,18.833,3,56,52,4.196,23.698,557.862,498.429,0.869
188630,2026-05-03,Dreamland Gran Canaria,Player 205,unassigned,5.742,2122.607,369.663,249.477,43.448,2,22,9,5.399,21.047,546.484,476.519,0.817
188630,2026-05-03,BC Barcelona,Player 11,wing,21.059,7773.276,369.125,514.283,24.421,1,47,27,3.514,21.043,545.96,482.554,0.833
188630,2026-05-03,BC Barcelona,Player 15,wing,18.838,6863.094,364.322,275.012,14.599,2,39,20,3.132,23.319,586.894,484.126,0.827
188630,2026-05-03,BC Barcelona,Player 65,big,13.542,4701.707,347.194,153.347,11.324,0,29,12,3.028,17.925,507.658,464.758,0.848
188630,2026-05-03,BC Barcelona,Player 153,big,22.705,7021.924,309.272,231.478,10.195,1,29,17,2.026,22.648,489.43,423.296,0.868
188630,2026-05-03,BC Barcelona,Player 154,guard,20.462,7556.076,369.274,314.188,15.355,3,40,44,4.105,25.079,586.17,484.414,0.873
188630,2026-05-03,BC Barcelona,Player 155,guard,15.909,5971.895,375.386,240.216,15.1,1,32,32,4.023,20.666,591.582,499.554,0.826
188630,2026-05-03,BC Barcelona,Player 156,guard,22.705,7865.774,346.439,263.892,11.623,1,52,43,4.184,20.217,531.363,427.96,0.795
188630,2026-05-03,BC Barcelona,Player 157,big,20.025,6725.563,335.853,300.676,15.015,1,31,26,2.846,21.116,479.08,430.872,0.83
188630,2026-05-03,BC Barcelona,Player 158,big,19.214,6421.629,334.216,170.632,8.881,0,36,22,3.019,19.063,563.954,442.776,0.863
188630,2026-05-03,BC Barcelona,Player 191,unassigned,3.551,1408.988,396.749,144.459,40.677,1,11,14,7.04,21.104,559.183,473.722,0.838
188630,2026-05-03,BC Barcelona,Player 195,unassigned,4.883,2009.27,411.455,107.323,21.977,0,16,20,7.372,17.838,552.166,492.91,0.851
188630,2026-05-03,BC Barcelona,Player 196,guard,18.481,7418.574,401.423,444.743,24.065,2,49,41,4.87,22.813,528.572,491.363,0.899
191313,2026-05-29,Casademont Zaragoza,Player 47,guard,17.981,6386.816,355.205,460.215,25.595,2,36,24,3.337,22.073,618.782,517.564,0.841
191313,2026-05-29,Casademont Zaragoza,Player 53,guard,23.939,8750.537,365.53,569.872,23.805,2,42,48,3.76,22.264,578.773,512.922,0.86
191313,2026-05-29,Casademont Zaragoza,Player 70,big,30.782,11111.841,360.985,536.259,17.421,1,66,34,3.249,21.986,587.777,525.698,0.831
191313,2026-05-29,Casademont Zaragoza,Player 82,big,24.295,8327.85,342.776,308.663,12.705,2,59,35,3.869,20.991,530.617,441.352,0.844
191313,2026-05-29,Casademont Zaragoza,Player 177,big,13.912,5067.905,364.283,105.78,7.603,0,26,24,3.594,18.207,535.32,464.449,0.867
191313,2026-05-29,Casademont Zaragoza,Player 178,wing,28.023,10145.79,362.048,694.537,24.784,4,51,37,3.14,26.0,558.878,492.815,0.817
191313,2026-05-29,Casademont Zaragoza,Player 179,wing,15.239,6137.058,402.729,815.462,53.513,7,40,36,4.987,22.077,574.185,545.145,0.87
191313,2026-05-29,Casademont Zaragoza,Player 180,guard,26.113,8702.287,333.251,247.241,9.468,1,45,53,3.753,21.291,479.038,451.56,0.881
191313,2026-05-29,Casademont Zaragoza,Player 181,guard,11.968,4323.781,361.279,207.603,17.347,2,21,24,3.76,22.359,536.989,443.017,0.809
191313,2026-05-29,Casademont Zaragoza,Player 202,wing,6.051,2126.744,351.489,310.994,51.398,2,14,6,3.305,20.427,476.123,419.66,0.867
191313,2026-05-29,Leche Rio Breogan,Player 44,wing,29.067,10242.111,352.358,453.582,15.605,2,50,46,3.303,21.424,567.139,458.438,0.817
191313,2026-05-29,Leche Rio Breogan,Player 84,guard,20.279,7559.442,372.778,347.696,17.146,1,37,45,4.044,21.753,575.007,516.791,0.84
191313,2026-05-29,Leche Rio Breogan,Player 85,wing,19.141,7056.222,368.651,333.966,17.448,0,29,26,2.873,20.041,539.277,496.787,0.808
191313,2026-05-29,Leche Rio Breogan,Player 101,big,17.934,6661.874,371.466,443.44,24.726,1,35,27,3.457,23.479,611.556,494.291,0.832
191313,2026-05-29,Leche Rio Breogan,Player 102,guard,19.421,7782.096,400.698,449.58,23.149,3,47,44,4.686,24.393,615.918,560.323,0.874
191313,2026-05-29,Leche Rio Breogan,Player 103,wing,16.275,6191.392,380.431,699.447,42.978,2,36,33,4.24,21.508,620.506,509.922,0.818
191313,2026-05-29,Leche Rio Breogan,Player 105,wing,25.479,9419.696,369.699,679.524,26.67,4,48,36,3.297,22.975,583.938,512.931,0.834
191313,2026-05-29,Leche Rio Breogan,Player 106,wing,17.925,6674.402,372.358,661.774,36.92,5,37,24,3.403,23.673,592.292,526.655,0.861
191313,2026-05-29,Leche Rio Breogan,Player 107,big,20.979,7318.304,348.845,171.772,8.188,0,55,35,4.29,18.416,536.193,468.914,0.833
191313,2026-05-29,Leche Rio Breogan,Player 200,unassigned,2.065,894.438,433.072,95.29,46.138,0,5,5,4.842,19.671,499.671,,0.883
191313,2026-05-29,Leche Rio Breogan,Player 204,unassigned,9.739,3454.042,354.673,160.882,16.52,0,21,11,3.286,18.672,495.646,429.817,0.831
