role,action,actor_side,per_window,per_minute_overall,ratio_vs_overall
big,closeouts,def,0.083,0.132,0.63
big,closeouts,off,0.117,0.098,1.192
big,drives,def,0.083,0.078,1.062
big,drives,off,0.133,0.064,2.072
big,handoffs,def,0.133,0.202,0.661
big,handoffs,off,0.25,0.208,1.202
big,isolations,def,0.017,0.041,0.402
big,isolations,off,0.05,0.026,1.891
big,off_ball_screens,def,0.383,0.675,0.568
big,off_ball_screens,off,0.7,0.694,1.009
big,picks,def,1.1,1.054,1.043
big,picks,off,1.3,1.038,1.252
big,posts,def,0.017,0.036,0.461
big,posts,off,0.083,0.074,1.125
guard,closeouts,def,0.13,0.141,0.926
guard,closeouts,off,0.232,0.137,1.697
guard,drives,def,0.449,0.252,1.784
guard,drives,off,0.609,0.328,1.858
guard,handoffs,def,0.304,0.248,1.226
guard,handoffs,off,0.536,0.271,1.978
guard,isolations,def,0.058,0.046,1.266
guard,isolations,off,0.13,0.078,1.673
guard,off_ball_screens,def,0.536,0.469,1.143
guard,off_ball_screens,off,0.681,0.469,1.452
guard,picks,def,1.0,0.853,1.173
guard,picks,off,1.275,0.974,1.31
wing,closeouts,def,0.229,0.181,1.264
wing,closeouts,off,0.286,0.208,1.375
wing,drives,def,0.157,0.149,1.058
wing,drives,off,0.186,0.086,2.152
wing,handoffs,def,0.171,0.168,1.02
wing,handoffs,off,0.243,0.146,1.668
wing,isolations,def,0.014,0.045,0.317
wing,isolations,off,0.014,0.026,0.544
wing,off_ball_screens,def,0.714,0.516,1.386
wing,off_ball_screens,off,0.686,0.518,1.324
wing,picks,def,0.357,0.385,0.928
wing,picks,off,0.314,0.311,1.012
wing,posts,off,0.014,0.011,1.36
