role,metric,p10,p50,p90,n_player_games
big,distance_per_min,335.525,358.901,387.451,59
big,hsd_per_min,9.932,24.312,51.235,59
big,efforts_per_min,2.818,3.493,5.228,59
big,peak_speed,19.117,21.319,23.276,59
big,peak30_dist_per_min,500.188,541.581,611.767,59
big,peak60_dist_per_min,435.189,473.118,518.044,59
big,sprints,0.0,1.0,5.0,59
big,distance_ft,4566.938,6661.875,9339.725,59
guard,distance_per_min,345.897,373.074,401.201,66
guard,hsd_per_min,12.283,21.915,35.914,66
guard,efforts_per_min,3.501,4.256,5.642,66
guard,peak_speed,20.092,22.172,24.824,66
guard,peak30_dist_per_min,523.959,574.886,627.321,66
guard,peak60_dist_per_min,458.986,499.387,538.679,66
guard,sprints,0.0,2.0,4.5,66
guard,distance_ft,5766.578,7803.98,9771.347,66
wing,distance_per_min,350.317,372.358,409.827,67
wing,hsd_per_min,17.714,30.976,52.393,67
wing,efforts_per_min,2.64,3.715,5.083,67
wing,peak_speed,20.024,22.031,24.918,67
wing,peak30_dist_per_min,529.905,583.894,642.682,67
wing,peak60_dist_per_min,460.008,501.989,541.756,67
wing,sprints,0.0,2.0,6.0,67
wing,distance_ft,4987.685,7025.251,10069.551,67
