x,y,n,subjects,r,lo,hi,p
dist_per_min_60s,shot_quality,871,168,-0.001,-0.0749,0.0729,0.9795
dist_per_min_60s,make_vs_expected,871,168,0.0296,-0.0444,0.1032,0.4334
dist_per_min_60s,three,893,171,-0.0721,-0.1443,0.0008,0.0526
dist_per_min_60s,catch_and_shoot,846,166,-0.0501,-0.1247,0.0251,0.1917
dist_per_min_60s,contested,871,168,0.0262,-0.0478,0.0999,0.4877
dist_per_min_60s,release_time,840,165,0.0335,-0.042,0.1086,0.3848
dist_per_min_60s,shot_distance,871,168,-0.0892,-0.1621,-0.0154,0.0179
decels_per_min_60s,shot_quality,871,168,-0.0519,-0.1253,0.0221,0.1691
decels_per_min_60s,make_vs_expected,871,168,0.0721,-0.0018,0.1452,0.0559
decels_per_min_60s,three,893,171,-0.0178,-0.0906,0.0552,0.6327
decels_per_min_60s,catch_and_shoot,846,166,-0.0684,-0.1428,0.0067,0.0744
decels_per_min_60s,contested,871,168,0.0341,-0.0399,0.1077,0.3662
decels_per_min_60s,release_time,840,165,0.1039,0.0288,0.1779,0.0068
decels_per_min_60s,shot_distance,871,168,0.0327,-0.0413,0.1063,0.3862
dist_per_min_120s,shot_quality,500,122,0.0506,-0.0504,0.1506,0.3257
dist_per_min_120s,make_vs_expected,500,122,-0.0217,-0.1221,0.0792,0.674
dist_per_min_120s,three,512,124,-0.0134,-0.1127,0.0861,0.7921
dist_per_min_120s,catch_and_shoot,484,118,0.0372,-0.0654,0.139,0.4775
dist_per_min_120s,contested,500,122,-0.0112,-0.1118,0.0896,0.828
dist_per_min_120s,release_time,479,116,-0.0446,-0.1467,0.0585,0.3963
dist_per_min_120s,shot_distance,500,122,-0.0878,-0.1869,0.013,0.0877
decels_per_min_120s,shot_quality,500,122,-0.046,-0.1461,0.055,0.3719
decels_per_min_120s,make_vs_expected,500,122,0.0097,-0.0912,0.1103,0.8511
decels_per_min_120s,three,512,124,-0.0963,-0.1939,0.0032,0.0577
decels_per_min_120s,catch_and_shoot,484,118,-0.1068,-0.207,-0.0045,0.0408
decels_per_min_120s,contested,500,122,0.0593,-0.0417,0.1591,0.2493
decels_per_min_120s,release_time,479,116,0.094,-0.0089,0.1949,0.0733
decels_per_min_120s,shot_distance,500,122,-0.0266,-0.127,0.0743,0.6055
