bin,n,centered_load,make_vs_expected,shot_quality,contested,three,make_vs_expected_lo,shot_quality_lo,contested_lo,three_lo,make_vs_expected_hi,shot_quality_hi,contested_hi,three_hi,load
1,179,-58.1263,0.0138,41.7627,0.7429,0.3911,-0.0623,40.4976,0.7055,0.3243,0.0854,43.4359,0.7804,0.4674,dist_per_min_60s
2,178,-23.6146,-0.0302,43.7356,0.7529,0.3315,-0.1107,42.233,0.6863,0.2716,0.0474,45.1629,0.8146,0.4086,dist_per_min_60s
3,179,-1.5173,-0.0092,43.0484,0.6882,0.3631,-0.0384,39.9419,0.6216,0.2931,0.0203,46.4671,0.75,0.4086,dist_per_min_60s
4,178,22.2889,0.0057,42.7987,0.7062,0.3708,-0.072,40.086,0.6407,0.3261,0.0863,45.725,0.7749,0.4233,dist_per_min_60s
5,179,60.9618,0.0328,41.9747,0.7809,0.3184,-0.0089,40.4219,0.7358,0.2404,0.0717,43.747,0.8202,0.4013,dist_per_min_60s
1,180,-1.4134,-0.0817,42.2471,0.7126,0.3389,-0.1374,39.8979,0.6748,0.2487,-0.0108,44.6122,0.747,0.4463,decels_per_min_60s
2,180,-0.645,0.0198,42.9361,0.7771,0.4278,-0.0366,40.7226,0.7318,0.3234,0.088,45.3769,0.8286,0.5298,decels_per_min_60s
3,177,-0.0544,0.023,43.6059,0.7102,0.3164,-0.017,40.4581,0.672,0.2321,0.067,46.2637,0.7576,0.4011,decels_per_min_60s
4,183,0.5357,0.0323,44.316,0.7191,0.3333,-0.0366,41.6974,0.6588,0.288,0.0998,47.276,0.787,0.3842,decels_per_min_60s
5,173,1.6308,0.02,40.0928,0.7544,0.3584,-0.0287,37.2299,0.6927,0.3062,0.0805,43.2294,0.8246,0.4128,decels_per_min_60s
1,103,-38.2376,-0.025,40.0019,0.7723,0.3495,-0.1017,37.3282,0.6573,0.2547,0.0579,43.5627,0.8953,0.449,dist_per_min_120s
2,102,-14.3019,0.0337,44.8187,0.6634,0.402,-0.0437,42.0405,0.5692,0.3304,0.0942,47.2937,0.7547,0.5,dist_per_min_120s
3,102,-1.2186,0.0149,43.128,0.7629,0.3922,-0.0592,39.8048,0.6808,0.3243,0.0886,47.1743,0.8293,0.48,dist_per_min_120s
4,102,13.6175,-0.0349,44.0639,0.7451,0.4118,-0.1394,39.9115,0.697,0.3672,0.0692,48.4599,0.8081,0.4722,dist_per_min_120s
5,103,40.1221,0.0114,43.3536,0.7,0.3301,-0.0735,39.7626,0.6395,0.2333,0.0921,47.4576,0.7742,0.4409,dist_per_min_120s
1,122,-0.8061,-0.016,44.7053,0.7,0.4098,-0.0996,41.9343,0.6642,0.325,0.0472,47.5168,0.736,0.5001,decels_per_min_120s
2,93,-0.2819,0.0528,43.5051,0.6923,0.4301,-0.0247,37.7721,0.5842,0.3182,0.1387,49.3127,0.7885,0.5863,decels_per_min_120s
3,98,-0.0244,-0.0297,43.946,0.6915,0.3163,-0.1156,39.7545,0.5934,0.2407,0.0763,50.4543,0.8118,0.4125,decels_per_min_120s
4,110,0.3349,0.0203,39.8965,0.8073,0.3909,-0.0766,38.0186,0.7379,0.322,0.122,41.914,0.8793,0.4646,decels_per_min_120s
5,89,1.0125,-0.0274,43.413,0.7471,0.3258,-0.1787,40.6373,0.6515,0.2083,0.111,46.7516,0.8256,0.4344,decels_per_min_120s
