shooter_tier,dist_split,n,shot_rate,pts_per_100,def_dist_release,share_of_tier
high,far,51,0.941,103.922,6.843,0.075
high,guarded,456,0.259,25.658,3.56,0.675
high,mid,54,0.704,74.074,4.23,0.08
high,near,49,0.449,38.776,4.037,0.072
high,no_closeout,66,0.348,43.939,7.426,0.098
low,far,64,0.766,53.125,7.578,0.092
low,guarded,435,0.09,6.897,3.473,0.626
low,mid,56,0.571,60.714,5.073,0.081
low,near,53,0.453,26.415,3.884,0.076
low,no_closeout,87,0.115,10.345,10.067,0.125
mid,far,56,0.768,71.429,7.527,0.079
mid,guarded,431,0.151,11.833,3.948,0.611
mid,mid,60,0.617,65.0,4.947,0.085
mid,near,69,0.551,34.783,3.259,0.098
mid,no_closeout,89,0.281,33.708,8.294,0.126
