group,n,hard_decels_75,hard_decels_75_lo,hard_decels_75_hi,peak_decel,peak_decel_lo,peak_decel_hi,speed_shed,speed_shed_lo,speed_shed_hi,peak_speed,peak_speed_lo,peak_speed_hi,entry_speed,entry_speed_lo,entry_speed_hi,stop_time_s,stop_time_s_lo,stop_time_s_hi,stop_dist_ft,stop_dist_ft_lo,stop_dist_ft_hi,shot_rate,shot_rate_lo,shot_rate_hi,pts_per_100,pts_per_100_lo,pts_per_100_hi,shot_quality,shot_quality_lo,shot_quality_hi,def_dist_release,def_dist_release_lo,def_dist_release_hi,blowby_rate,blowby_rate_lo,blowby_rate_hi,split
guarded,1322,0.198,0.18,0.218,10.151,9.847,10.444,2.174,1.988,2.362,9.819,9.578,10.033,9.217,8.952,9.464,1.296,1.238,1.358,10.36,9.77,11.008,0.168,0.149,0.192,14.977,12.633,17.488,38.633,35.888,41.049,3.657,3.431,3.87,0.033,0.023,0.043,dist_split
near,171,0.263,0.196,0.338,12.116,11.152,13.275,3.227,2.726,3.841,10.487,10.052,11.05,9.455,9.102,9.932,1.132,1.028,1.263,8.47,7.603,9.537,0.491,0.409,0.56,33.333,22.076,41.885,33.814,32.536,35.973,3.636,3.453,3.91,0.029,0.006,0.056,dist_split
mid,170,0.306,0.223,0.378,12.923,12.212,13.436,3.682,3.092,4.191,11.155,10.942,11.361,10.174,9.751,10.562,1.323,1.261,1.413,10.829,10.21,11.423,0.629,0.556,0.706,66.471,50.515,83.341,36.75,34.947,38.32,4.73,4.51,4.917,0.029,0.0,0.051,dist_split
far,171,0.322,0.238,0.383,12.45,11.626,13.139,3.857,3.186,4.373,11.983,11.489,12.494,10.714,10.059,11.378,1.21,1.113,1.296,10.763,9.774,11.77,0.819,0.77,0.87,74.269,52.147,95.657,40.593,39.176,41.922,7.309,6.806,7.851,0.018,0.0,0.034,dist_split
no_closeout,242,0.169,0.12,0.213,9.911,9.375,10.378,1.884,1.546,2.253,9.479,8.967,10.022,8.823,8.309,9.376,1.339,1.256,1.452,10.266,9.664,10.985,0.24,0.189,0.302,28.099,16.461,42.862,39.091,36.174,41.255,8.253,6.587,9.771,0.021,0.005,0.038,dist_split
guarded,1322,0.198,0.18,0.218,10.151,9.847,10.444,2.174,1.988,2.362,9.819,9.578,10.033,9.217,8.952,9.464,1.296,1.238,1.358,10.36,9.77,11.008,0.168,0.149,0.192,14.977,12.633,17.488,38.633,35.888,41.049,3.657,3.431,3.87,0.033,0.023,0.043,lead_split
late,305,0.262,0.224,0.295,12.119,11.881,12.348,3.302,3.034,3.602,10.904,10.748,11.051,9.784,9.398,10.152,1.216,1.138,1.282,9.87,9.172,10.385,0.672,0.636,0.7,59.016,51.475,67.62,37.701,36.673,38.951,5.304,4.925,5.683,0.03,0.004,0.055,lead_split
early,207,0.348,0.281,0.416,13.049,12.634,13.525,4.011,3.631,4.359,11.656,11.383,11.929,10.602,10.18,10.987,1.248,1.175,1.332,10.282,9.702,10.994,0.609,0.573,0.64,56.522,44.311,67.417,37.522,36.272,38.668,5.935,5.403,6.422,0.019,0.006,0.031,lead_split
no_closeout,242,0.169,0.12,0.213,9.911,9.375,10.378,1.884,1.546,2.253,9.479,8.967,10.022,8.823,8.309,9.376,1.339,1.256,1.452,10.266,9.664,10.985,0.24,0.189,0.302,28.099,16.461,42.862,39.091,36.174,41.255,8.253,6.587,9.771,0.021,0.005,0.038,lead_split
1,109,0.294,0.207,0.37,12.587,11.496,13.713,3.395,2.563,4.113,11.309,10.908,11.698,9.909,9.028,10.817,1.257,1.162,1.354,10.126,9.236,10.733,0.67,0.622,0.726,63.303,40.738,84.003,38.287,36.254,40.824,5.386,4.903,5.863,0.028,0.0,0.064,period
2,145,0.303,0.224,0.391,12.439,11.737,13.185,3.558,2.811,4.37,11.048,10.572,11.567,10.247,9.685,10.87,1.196,1.075,1.304,9.813,8.701,10.777,0.634,0.564,0.703,42.759,21.051,61.317,37.649,35.84,39.471,5.577,5.142,6.019,0.028,0.0,0.054,period
3,128,0.273,0.172,0.389,12.061,10.968,13.23,3.447,2.726,4.349,10.946,10.543,11.469,9.878,9.28,10.548,1.265,1.12,1.397,10.256,8.947,11.476,0.602,0.548,0.662,67.969,49.691,88.189,38.142,36.459,40.086,5.611,5.005,6.173,0.023,0.0,0.042,period
4,124,0.323,0.254,0.373,13.086,12.672,13.703,4.025,3.555,4.427,11.599,11.153,11.991,10.398,9.851,10.853,1.197,1.066,1.372,10.009,8.785,11.498,0.677,0.629,0.724,61.29,36.75,84.46,36.657,34.492,38.991,5.699,5.205,6.212,0.016,0.0,0.033,period
